datetime,open,high,low,close,volume
2014-05-19 00:00,34.14,35.71,34.07,34.47,992100.00
2014-05-20 00:00,34.73,34.89,32.62,32.43,2030100.00
2014-05-21 00:00,32.93,33.49,31.79,32.00,1875500.00
2014-05-22 00:00,32.40,34.14,32.38,33.41,1138900.00
2014-05-23 00:00,33.74,34.25,33.34,33.75,758000.00
2014-05-27 00:00,34.26,34.61,33.96,33.91,986100.00
2014-05-28 00:00,34.07,34.47,33.97,33.76,848800.00
2014-05-29 00:00,35.55,36.67,35.26,35.38,1722300.00
2014-05-30 00:00,36.05,36.34,34.61,34.53,815800.00
2014-06-02 00:00,35.19,35.55,33.93,33.82,976200.00
2014-06-03 00:00,34.05,34.43,33.81,33.94,675200.00
2014-06-04 00:00,34.43,35.71,34.18,34.46,791600.00
2014-06-05 00:00,35.01,37.02,34.89,36.42,1573900.00
2014-06-06 00:00,37.20,37.56,36.60,36.55,1017100.00
2014-06-09 00:00,37.71,39.44,37.10,38.32,1924000.00
2014-06-10 00:00,38.80,40.31,38.80,39.40,1346500.00
2014-06-11 00:00,39.46,40.68,39.33,40.15,1090900.00
2014-06-12 00:00,40.35,42.41,40.21,41.15,1604800.00
2014-06-13 00:00,41.84,42.30,41.14,41.59,922100.00
2014-06-16 00:00,41.85,44.45,41.51,43.48,1679000.00
2014-06-17 00:00,43.75,45.15,43.58,44.26,1363300.00
2014-06-18 00:00,44.86,45.78,44.35,44.73,1082200.00
2014-06-19 00:00,45.31,45.58,43.39,43.80,1530700.00
2014-06-20 00:00,44.38,45.08,44.02,43.97,1166500.00
2014-06-23 00:00,44.45,46.39,44.35,45.49,1080900.00
2014-06-24 00:00,46.00,47.78,45.36,44.89,1635700.00
2014-06-25 00:00,44.72,44.89,41.75,44.05,2707100.00
2014-06-26 00:00,44.75,45.31,44.54,44.27,1205700.00
2014-06-27 00:00,44.63,45.28,44.10,44.04,3222600.00
2014-06-30 00:00,44.51,45.86,44.50,44.63,922000.00
2014-07-01 00:00,45.29,46.65,45.22,45.42,924800.00
2014-07-02 00:00,46.11,47.00,45.89,45.55,762100.00
2014-07-03 00:00,46.66,46.76,45.99,45.82,352500.00
2014-07-07 00:00,46.36,47.20,45.07,44.85,774100.00
2014-07-08 00:00,45.25,45.28,42.15,41.88,1957100.00
2014-07-09 00:00,42.58,43.45,41.56,41.64,1261600.00
2014-07-10 00:00,41.17,41.32,39.74,40.23,1669400.00
2014-07-11 00:00,40.74,41.48,40.50,40.29,854000.00
2014-07-14 00:00,41.19,41.87,40.86,40.44,722700.00
2014-07-15 00:00,40.81,41.11,38.80,39.48,1305200.00
2014-07-16 00:00,40.11,40.22,39.07,38.70,658200.00
2014-07-17 00:00,38.92,39.91,38.67,38.43,723000.00
2014-07-18 00:00,38.86,40.03,38.85,39.42,897300.00
2014-07-21 00:00,39.44,40.13,38.80,38.46,788600.00
2014-07-22 00:00,39.19,40.38,39.15,39.58,665000.00
2014-07-23 00:00,40.11,40.42,39.26,39.55,496500.00
2014-07-24 00:00,40.16,40.95,39.94,40.08,655900.00
2014-07-25 00:00,40.28,40.54,39.93,39.61,587200.00
2014-07-28 00:00,39.92,40.08,39.01,38.74,618900.00
2014-07-29 00:00,39.21,40.19,39.21,38.88,474800.00
2014-07-30 00:00,39.84,40.07,39.36,39.45,498600.00
2014-07-31 00:00,39.47,39.49,37.82,37.73,944900.00
2014-08-01 00:00,38.20,39.39,37.80,38.64,800900.00
2014-08-04 00:00,39.20,40.23,39.15,39.17,617900.00
2014-08-05 00:00,39.53,39.80,38.32,38.11,853400.00
2014-08-06 00:00,38.20,39.52,37.66,38.81,883500.00
2014-08-07 00:00,39.47,40.00,38.74,38.84,1371100.00
2014-08-08 00:00,42.00,42.98,41.08,41.57,3015900.00
2014-08-11 00:00,42.37,43.63,42.21,42.96,1164800.00
2014-08-12 00:00,43.15,43.75,42.53,42.58,642400.00
2014-08-13 00:00,43.21,43.75,42.91,42.61,674200.00
2014-08-14 00:00,43.18,43.55,42.26,41.85,525000.00
2014-08-15 00:00,42.80,42.90,41.46,41.76,731900.00
2014-08-18 00:00,42.32,44.55,42.32,43.97,1021200.00
2014-08-19 00:00,44.65,46.10,44.56,45.10,1269100.00
2014-08-20 00:00,45.47,46.29,45.01,45.03,715900.00
2014-08-21 00:00,45.60,45.71,44.36,44.69,517800.00
2014-08-22 00:00,45.11,45.75,44.73,44.73,530000.00
2014-08-25 00:00,45.66,46.53,45.45,45.39,773300.00
2014-08-26 00:00,45.90,46.10,45.09,45.46,524300.00
2014-08-27 00:00,46.20,46.41,45.60,45.27,336700.00
2014-08-28 00:00,45.43,45.71,45.01,44.92,466800.00
2014-08-29 00:00,45.75,45.80,45.10,44.80,364300.00
2014-09-02 00:00,45.40,47.31,45.30,46.11,959700.00
2014-09-03 00:00,46.74,47.45,45.44,45.07,761000.00
2014-09-04 00:00,45.80,46.65,45.32,44.98,601300.00
2014-09-05 00:00,45.53,46.61,45.53,45.73,396900.00
2014-09-08 00:00,46.75,47.35,46.36,46.39,594400.00
2014-09-09 00:00,46.74,47.16,46.25,45.70,509800.00
2014-09-10 00:00,46.07,47.45,45.96,46.70,684700.00
2014-09-11 00:00,47.24,49.73,47.06,48.99,1835600.00
2014-09-12 00:00,49.50,50.00,46.11,45.92,1865700.00
2014-09-15 00:00,46.34,46.58,42.67,42.50,2297400.00
2014-09-16 00:00,42.87,44.41,42.40,43.45,1040400.00
2014-09-17 00:00,44.31,44.91,43.50,43.12,873400.00
2014-09-18 00:00,43.97,44.35,43.15,42.83,623900.00
2014-09-19 00:00,43.50,43.58,41.18,41.49,1714900.00
2014-09-22 00:00,41.55,41.65,37.82,37.46,3051900.00
2014-09-23 00:00,37.67,39.45,36.98,37.73,1361900.00
2014-09-24 00:00,38.63,39.80,38.48,39.02,1306100.00
2014-09-25 00:00,39.39,39.60,38.09,38.13,1025600.00
2014-09-26 00:00,38.68,39.00,38.15,38.08,693800.00
2014-09-29 00:00,37.98,39.15,37.17,37.48,870700.00
2014-09-30 00:00,38.00,38.35,37.00,37.07,825100.00
2014-10-01 00:00,37.56,37.86,35.75,36.25,1328700.00
2014-10-02 00:00,35.89,37.67,35.56,37.00,1452900.00
2014-10-03 00:00,37.80,37.92,35.80,35.42,1123900.00
2014-10-06 00:00,35.90,35.99,34.39,34.45,1290000.00
2014-10-07 00:00,34.60,34.67,33.59,33.37,1290300.00
2014-10-08 00:00,33.74,34.98,32.57,34.46,1074000.00
2014-10-09 00:00,34.86,34.95,33.59,33.59,975000.00
2014-10-10 00:00,33.63,34.73,32.73,32.35,997400.00
2014-10-13 00:00,32.82,33.10,31.25,31.38,1055000.00
2014-10-14 00:00,31.75,32.46,31.03,31.30,1516800.00
2014-10-15 00:00,30.99,33.58,30.62,32.78,1445400.00
2014-10-16 00:00,32.27,34.96,32.27,33.68,1174800.00
2014-10-17 00:00,34.58,35.38,33.93,33.92,701900.00
2014-10-20 00:00,33.99,35.03,33.77,34.14,604900.00
2014-10-21 00:00,34.55,36.33,34.40,35.53,825400.00
2014-10-22 00:00,35.80,35.94,34.32,34.57,759900.00
2014-10-23 00:00,35.26,35.56,34.74,34.50,540600.00
2014-10-24 00:00,34.64,35.33,34.01,34.23,482100.00
2014-10-27 00:00,34.28,34.89,33.65,34.62,579900.00
2014-10-28 00:00,35.14,35.46,34.65,34.96,669200.00
2014-10-29 00:00,35.11,35.50,34.48,34.71,741300.00
2014-10-30 00:00,34.69,35.25,34.41,34.95,821100.00
2014-10-31 00:00,35.79,36.29,35.02,35.52,799000.00
2014-11-03 00:00,35.75,37.03,35.70,35.85,1081000.00
2014-11-04 00:00,35.99,35.99,34.52,35.00,638700.00
2014-11-05 00:00,35.44,35.73,34.53,35.17,639700.00
2014-11-06 00:00,35.49,35.64,33.87,34.38,1918900.00
2014-11-07 00:00,28.50,30.48,28.00,28.58,6316400.00
2014-11-10 00:00,28.71,29.68,28.36,29.00,1541300.00
2014-11-11 00:00,28.99,29.14,27.86,28.58,1429600.00
2014-11-12 00:00,28.57,29.12,28.39,28.80,912900.00
2014-11-13 00:00,28.95,28.99,28.00,28.52,1004300.00
2014-11-14 00:00,28.76,30.09,28.60,29.52,1044500.00
2014-11-17 00:00,29.70,30.10,29.14,29.27,764000.00
2014-11-18 00:00,29.50,30.02,29.38,29.38,1505600.00
2014-11-19 00:00,29.40,29.89,28.90,29.35,981300.00
2014-11-20 00:00,29.30,30.01,29.11,29.68,720300.00
2014-11-21 00:00,30.15,30.88,29.50,29.71,885200.00
2014-11-24 00:00,29.71,30.28,29.45,29.83,582800.00
2014-11-25 00:00,29.87,30.17,29.50,29.48,720600.00
2014-11-26 00:00,29.69,30.07,29.44,29.44,299900.00
2014-11-28 00:00,29.61,29.61,28.70,28.70,255600.00
2014-12-01 00:00,28.27,28.61,26.98,27.96,2023700.00
2014-12-02 00:00,28.16,29.10,28.08,28.39,1009800.00
2014-12-03 00:00,28.51,29.22,28.28,28.41,664600.00
2014-12-04 00:00,28.35,28.63,27.57,27.73,893800.00
2014-12-05 00:00,27.96,28.69,27.90,28.05,519300.00
2014-12-08 00:00,28.00,28.63,27.57,27.77,635300.00
2014-12-09 00:00,27.65,29.14,27.17,28.88,774900.00
2014-12-10 00:00,28.78,29.36,28.61,28.48,977500.00
2014-12-11 00:00,28.75,29.96,28.75,29.25,871100.00
2014-12-12 00:00,29.00,30.68,28.92,29.72,996300.00
2014-12-15 00:00,30.21,30.66,29.54,29.65,999900.00
2014-12-16 00:00,29.83,32.77,29.33,31.77,1694700.00
2014-12-17 00:00,32.14,33.86,31.98,33.43,1368300.00
2014-12-18 00:00,34.14,34.87,33.39,33.43,1145400.00
2014-12-19 00:00,32.90,32.90,29.88,30.61,2246700.00
2014-12-22 00:00,30.52,31.42,29.85,30.97,833600.00
2014-12-23 00:00,31.00,31.55,30.93,30.94,655600.00
2014-12-24 00:00,31.15,32.05,31.09,31.08,406400.00
2014-12-26 00:00,31.40,31.59,31.00,30.90,471500.00
2014-12-29 00:00,30.82,31.12,30.43,30.31,496300.00
2014-12-30 00:00,30.22,30.52,29.39,29.66,684400.00
2014-12-31 00:00,29.87,30.18,29.42,29.43,815200.00
2015-01-02 00:00,29.99,30.05,29.11,29.49,684400.00
2015-01-05 00:00,29.54,30.23,29.17,29.04,677900.00
2015-01-06 00:00,29.33,29.47,27.75,27.67,1157400.00
2015-01-07 00:00,28.02,28.33,27.77,28.08,679000.00
2015-01-08 00:00,28.51,29.10,28.28,28.75,491500.00
2015-01-09 00:00,28.99,29.66,28.58,29.39,632800.00
2015-01-12 00:00,29.53,29.56,27.88,27.99,839300.00
2015-01-13 00:00,28.68,29.84,28.44,29.08,909800.00
2015-01-14 00:00,28.91,29.48,28.21,28.81,679600.00
2015-01-15 00:00,29.08,29.29,27.91,28.16,718200.00
2015-01-16 00:00,28.25,28.93,28.14,28.48,421800.00
2015-01-20 00:00,28.65,29.09,27.87,28.85,887000.00
2015-01-21 00:00,29.02,29.53,28.57,28.76,799900.00
2015-01-22 00:00,29.18,29.35,28.65,28.93,482200.00
2015-01-23 00:00,29.01,29.25,28.45,28.52,616600.00
2015-01-26 00:00,28.28,28.51,27.40,27.36,1263700.00
2015-01-27 00:00,27.16,28.00,27.15,27.47,1096900.00
2015-01-28 00:00,27.89,27.89,26.49,26.32,1081700.00
2015-01-29 00:00,26.61,27.20,25.89,26.07,1294400.00
2015-01-30 00:00,26.16,26.73,26.04,26.12,1469100.00
2015-02-02 00:00,26.50,27.94,26.36,27.69,1466000.00
2015-02-03 00:00,27.89,28.38,27.56,27.44,998900.00
2015-02-04 00:00,27.57,27.89,27.22,27.12,828000.00
2015-02-05 00:00,27.51,27.58,25.67,26.05,3274500.00
2015-02-06 00:00,29.20,31.91,29.00,29.78,4333500.00
2015-02-09 00:00,29.97,30.46,29.18,29.53,907400.00
2015-02-10 00:00,29.98,30.23,29.10,28.95,589600.00
2015-02-11 00:00,28.97,29.27,28.21,28.70,887600.00
2015-02-12 00:00,29.13,30.74,28.96,30.45,998900.00
2015-02-13 00:00,30.21,30.57,28.16,28.58,1973400.00
2015-02-17 00:00,28.49,29.64,28.40,29.24,789900.00
2015-02-18 00:00,29.37,29.59,28.91,28.89,433300.00
2015-02-19 00:00,29.13,30.28,28.95,29.88,549800.00
2015-02-20 00:00,30.10,31.47,30.02,31.14,979700.00
2015-02-23 00:00,31.18,31.31,30.36,30.38,614700.00
2015-02-24 00:00,30.65,31.17,30.38,30.55,423400.00
2015-02-25 00:00,30.70,31.87,30.37,31.15,719200.00
2015-02-26 00:00,31.41,31.71,30.96,31.33,564000.00
2015-02-27 00:00,31.59,31.74,31.44,31.42,514000.00
2015-03-02 00:00,31.63,32.97,31.63,32.50,897800.00
2015-03-03 00:00,32.68,32.77,31.38,31.49,770200.00
2015-03-04 00:00,31.70,31.84,31.15,31.50,566600.00
2015-03-05 00:00,31.84,32.25,31.45,31.76,541700.00
2015-03-06 00:00,31.90,31.97,30.99,31.16,441100.00
2015-03-09 00:00,31.34,31.38,29.99,29.87,699900.00
2015-03-10 00:00,29.98,30.41,29.55,29.87,559000.00
2015-03-11 00:00,30.21,30.96,29.94,30.46,360600.00
2015-03-12 00:00,30.96,30.96,30.27,30.28,563800.00
2015-03-13 00:00,30.33,30.55,30.04,30.26,472500.00
2015-03-16 00:00,30.55,31.41,30.21,31.15,473600.00
2015-03-17 00:00,31.16,31.35,30.89,30.78,377300.00
2015-03-18 00:00,30.94,31.47,30.76,30.96,1122400.00
2015-03-19 00:00,31.13,31.13,30.83,30.76,552200.00
2015-03-20 00:00,31.12,31.16,30.85,30.78,794400.00
2015-03-23 00:00,31.06,31.18,30.61,30.42,407400.00
2015-03-24 00:00,30.60,30.72,30.20,30.42,342600.00
2015-03-25 00:00,30.64,30.88,29.39,29.53,542000.00
2015-03-26 00:00,29.00,29.34,28.10,28.87,938500.00
2015-03-27 00:00,29.00,29.30,28.14,28.97,902700.00
2015-03-30 00:00,29.38,30.16,29.38,29.78,521500.00
2015-03-31 00:00,29.46,29.99,29.27,29.34,769200.00
2015-04-01 00:00,29.49,29.55,27.66,27.76,2094600.00
2015-04-02 00:00,27.99,28.38,27.79,28.06,483600.00
2015-04-06 00:00,28.04,29.21,28.04,28.96,387000.00
2015-04-07 00:00,28.16,29.16,27.90,28.64,1589600.00
2015-04-08 00:00,28.91,29.81,28.85,29.42,633500.00
2015-04-09 00:00,29.42,29.99,29.19,29.28,492000.00
2015-04-10 00:00,29.44,30.20,29.44,29.87,325600.00
2015-04-13 00:00,29.98,30.74,29.90,30.34,408600.00
2015-04-14 00:00,30.50,30.64,29.78,29.95,453700.00
2015-04-15 00:00,30.30,31.46,29.97,31.00,513900.00
2015-04-16 00:00,31.12,31.60,30.98,31.15,370300.00
2015-04-17 00:00,31.12,31.27,30.69,30.93,406600.00
2015-04-20 00:00,31.33,31.37,31.01,31.06,298300.00
2015-04-21 00:00,31.49,31.77,31.31,31.39,342100.00
2015-04-22 00:00,31.69,31.69,30.91,30.98,339200.00
2015-04-23 00:00,31.00,31.59,30.78,31.21,428600.00
2015-04-24 00:00,27.00,31.37,27.00,31.07,3159200.00
2015-04-27 00:00,31.19,31.19,29.40,29.69,1360500.00
2015-04-28 00:00,30.01,30.39,29.56,29.66,820500.00
2015-04-29 00:00,29.83,29.88,28.97,28.85,646800.00
2015-04-30 00:00,29.01,29.08,28.24,28.37,645300.00
2015-05-01 00:00,28.65,29.08,28.13,28.40,443100.00
2015-05-04 00:00,28.48,28.87,28.36,28.23,385100.00
2015-05-05 00:00,28.29,28.63,27.51,27.77,896400.00
2015-05-06 00:00,28.14,28.54,27.92,27.99,370800.00
2015-05-07 00:00,28.22,28.60,28.09,28.15,573000.00
2015-05-08 00:00,25.50,29.58,25.50,28.20,4175100.00
2015-05-11 00:00,28.20,30.58,28.20,30.06,2285200.00
2015-05-12 00:00,29.83,30.71,29.80,30.02,927600.00
2015-05-13 00:00,30.39,30.70,29.87,29.78,655400.00
2015-05-14 00:00,30.22,30.25,29.92,29.81,417200.00
2015-05-15 00:00,29.97,30.23,29.85,29.81,698200.00
2015-05-18 00:00,29.97,30.22,29.82,29.79,665500.00
2015-05-19 00:00,30.00,30.46,29.99,29.92,357900.00
2015-05-20 00:00,30.18,30.19,29.87,29.75,380600.00
2015-05-21 00:00,30.03,30.37,29.88,30.04,457900.00
2015-05-22 00:00,30.16,31.10,30.16,30.25,516600.00
2015-05-26 00:00,30.49,30.49,29.81,30.04,571000.00
2015-05-27 00:00,30.32,30.91,30.06,30.54,567400.00
2015-05-28 00:00,30.73,31.98,30.66,31.35,905300.00
2015-05-29 00:00,31.56,32.00,31.18,31.58,682900.00
2015-06-01 00:00,31.88,31.88,30.67,30.74,569700.00
2015-06-02 00:00,30.82,31.67,30.52,30.98,385800.00
2015-06-03 00:00,31.22,31.48,31.01,31.10,446200.00
2015-06-04 00:00,31.30,31.53,30.54,30.68,315100.00
2015-06-05 00:00,30.79,31.91,30.38,31.50,1047200.00
2015-06-08 00:00,31.69,32.80,31.55,31.52,860500.00
2015-06-09 00:00,31.69,32.15,30.99,31.27,643700.00
2015-06-10 00:00,31.47,32.56,31.43,32.12,647300.00
2015-06-11 00:00,32.47,32.95,32.22,32.26,714700.00
2015-06-12 00:00,32.44,32.78,32.15,32.48,394300.00
2015-06-15 00:00,32.52,32.70,32.10,32.38,440300.00
2015-06-16 00:00,32.57,32.84,32.33,32.26,381200.00
2015-06-17 00:00,32.68,32.93,32.37,32.43,320100.00
2015-06-18 00:00,32.74,32.90,32.51,32.41,338200.00
2015-06-19 00:00,32.79,33.41,32.47,33.12,965900.00
2015-06-22 00:00,33.60,34.28,33.40,33.51,528300.00
2015-06-23 00:00,33.64,34.00,33.31,33.49,364500.00
2015-06-24 00:00,33.74,33.99,32.70,32.49,396500.00
2015-06-25 00:00,32.97,33.18,32.31,32.37,579000.00
2015-06-26 00:00,32.61,32.61,31.78,32.09,1189300.00
2015-06-29 00:00,31.96,32.97,31.50,31.85,925900.00
2015-06-30 00:00,32.22,32.32,31.46,31.70,1540300.00
2015-07-01 00:00,32.32,32.93,32.13,32.18,842900.00
2015-07-02 00:00,32.28,32.47,31.44,31.41,826700.00
2015-07-06 00:00,31.34,31.62,30.57,30.76,1108300.00
2015-07-07 00:00,31.28,33.07,30.73,32.78,910500.00
2015-07-08 00:00,32.78,33.00,31.64,31.61,528500.00
2015-07-09 00:00,32.22,32.61,31.79,31.93,415400.00
2015-07-10 00:00,32.63,33.46,32.33,32.65,573400.00
2015-07-13 00:00,33.15,33.39,32.71,32.95,287500.00
2015-07-14 00:00,33.45,33.79,33.26,33.44,362300.00
2015-07-15 00:00,33.83,34.60,33.62,34.05,889100.00
2015-07-16 00:00,34.67,35.90,34.42,35.07,836500.00
2015-07-17 00:00,35.72,36.00,34.16,34.38,635700.00
2015-07-20 00:00,34.51,34.54,32.66,32.61,669000.00
2015-07-21 00:00,32.93,33.37,32.73,32.56,342200.00
2015-07-22 00:00,32.32,32.41,31.34,31.98,645200.00
2015-07-23 00:00,32.45,32.70,32.02,32.24,385400.00
2015-07-24 00:00,32.60,32.76,32.00,32.01,516100.00
2015-07-27 00:00,32.19,32.29,31.21,31.69,292300.00
2015-07-28 00:00,32.08,32.69,31.24,32.28,313600.00
2015-07-29 00:00,32.50,32.85,31.42,31.23,894500.00
2015-07-30 00:00,31.62,32.76,31.24,32.26,526900.00
2015-07-31 00:00,32.65,32.94,32.19,32.00,356000.00
2015-08-03 00:00,32.14,32.50,30.78,30.67,644200.00
2015-08-04 00:00,30.94,31.73,30.83,30.69,602500.00
2015-08-05 00:00,31.23,32.64,31.00,32.25,808000.00
2015-08-06 00:00,32.82,33.00,31.49,31.83,1499000.00
2015-08-07 00:00,29.54,33.15,28.50,31.42,3704600.00
2015-08-10 00:00,31.71,33.24,31.13,32.81,910800.00
2015-08-11 00:00,32.96,33.25,31.74,32.25,1204900.00
2015-08-12 00:00,32.18,32.99,31.92,32.57,730200.00
2015-08-13 00:00,32.83,33.12,32.11,32.11,482700.00
2015-08-14 00:00,32.22,32.92,32.22,32.48,242100.00
2015-08-17 00:00,32.51,34.34,32.51,33.72,624500.00
2015-08-18 00:00,33.79,35.93,33.69,34.69,913400.00
2015-08-19 00:00,34.57,34.60,33.45,33.30,423100.00
2015-08-20 00:00,33.25,34.15,32.91,32.84,448600.00
2015-08-21 00:00,32.49,34.60,32.49,33.53,595800.00
2015-08-24 00:00,32.00,34.59,31.25,32.06,1259600.00
2015-08-25 00:00,33.09,34.74,32.31,33.79,1033500.00
2015-08-26 00:00,34.21,35.16,33.03,34.70,872200.00
2015-08-27 00:00,34.93,35.51,34.61,35.26,582300.00
2015-08-28 00:00,35.15,35.74,34.90,35.00,367700.00
2015-08-31 00:00,35.12,36.05,34.93,34.92,358200.00
2015-09-01 00:00,34.38,35.89,34.23,34.65,526000.00
2015-09-02 00:00,35.32,35.91,34.99,35.45,445300.00
2015-09-03 00:00,35.88,37.10,35.52,36.15,543700.00
2015-09-04 00:00,36.05,36.81,35.70,35.79,227000.00
2015-09-08 00:00,36.36,36.45,35.70,35.52,253700.00
2015-09-09 00:00,35.87,36.45,34.94,34.79,288100.00
2015-09-10 00:00,35.04,36.03,34.91,35.01,260900.00
2015-09-11 00:00,34.96,35.83,34.96,35.24,175400.00
2015-09-14 00:00,35.42,35.87,35.07,35.03,256500.00
2015-09-15 00:00,35.19,35.52,34.99,35.11,284000.00
2015-09-16 00:00,35.49,35.64,34.97,35.04,325400.00
2015-09-17 00:00,33.94,35.36,33.69,34.75,490300.00
2015-09-18 00:00,34.26,35.49,34.04,35.10,517100.00
2015-09-21 00:00,35.46,35.46,34.20,34.70,386500.00
2015-09-22 00:00,34.71,35.34,34.61,34.79,397400.00
2015-09-23 00:00,35.14,35.29,34.31,34.11,404700.00
2015-09-24 00:00,34.16,34.26,32.04,31.96,727400.00
2015-09-25 00:00,32.43,33.09,31.56,31.61,548200.00
2015-09-28 00:00,31.52,31.89,31.15,31.18,370000.00
2015-09-29 00:00,31.50,32.91,31.12,32.40,525600.00
2015-09-30 00:00,32.82,34.22,32.82,33.65,425700.00
2015-10-01 00:00,33.89,35.96,33.89,34.45,737300.00
2015-10-02 00:00,34.37,35.27,33.93,34.78,499000.00
2015-10-05 00:00,35.19,35.25,34.84,34.76,316500.00
2015-10-06 00:00,34.86,35.35,34.71,34.58,431800.00
2015-10-07 00:00,35.00,35.68,34.96,35.40,344800.00
2015-10-08 00:00,35.74,35.82,34.98,34.83,279500.00
2015-10-09 00:00,34.90,35.64,34.75,35.30,504400.00
2015-10-12 00:00,35.68,35.68,34.50,34.76,233900.00
2015-10-13 00:00,34.87,35.45,34.69,34.61,322400.00
2015-10-14 00:00,34.78,35.08,34.58,34.60,307300.00
2015-10-15 00:00,34.98,34.98,34.31,34.46,368000.00
2015-10-16 00:00,34.60,34.75,33.00,33.91,460100.00
2015-10-19 00:00,33.00,33.02,31.35,31.84,733600.00
2015-10-20 00:00,31.29,31.50,29.77,29.95,1103000.00
2015-10-21 00:00,30.18,30.81,29.42,29.47,459900.00
2015-10-22 00:00,29.73,30.67,29.01,29.96,936800.00
2015-10-23 00:00,30.56,31.94,30.36,31.62,676600.00
2015-10-26 00:00,31.82,32.00,30.29,30.21,371400.00
2015-10-27 00:00,30.42,30.97,29.82,29.79,320300.00
2015-10-28 00:00,30.17,30.84,29.93,30.19,433200.00
2015-10-29 00:00,30.40,30.49,29.40,29.35,633000.00
2015-10-30 00:00,29.68,29.96,28.70,28.98,641000.00
2015-11-02 00:00,29.28,29.98,28.69,29.45,682600.00
2015-11-03 00:00,29.98,30.06,29.51,29.54,402200.00
2015-11-04 00:00,30.05,30.13,29.61,29.58,518900.00
2015-11-05 00:00,29.79,30.02,29.61,29.68,720700.00
2015-11-06 00:00,34.25,34.55,32.66,33.75,1873300.00
2015-11-09 00:00,33.98,34.19,32.65,33.10,642000.00
2015-11-10 00:00,33.34,33.56,32.80,33.26,385900.00
2015-11-11 00:00,33.65,33.93,33.33,33.55,247400.00
2015-11-12 00:00,33.76,34.42,33.45,33.50,307600.00
2015-11-13 00:00,33.49,33.76,33.29,33.22,421000.00
2015-11-16 00:00,33.41,34.88,33.32,34.61,448600.00
2015-11-17 00:00,34.88,35.18,34.43,34.42,324200.00
2015-11-18 00:00,34.98,34.98,34.01,34.42,232200.00
2015-11-19 00:00,34.48,34.70,33.62,34.02,169600.00
2015-11-20 00:00,34.52,34.89,34.00,33.78,354800.00
2015-11-23 00:00,34.13,34.28,33.70,33.54,349300.00
2015-11-24 00:00,33.57,34.06,33.30,33.70,228400.00
2015-11-25 00:00,33.98,34.24,33.68,33.78,156300.00
2015-11-27 00:00,34.02,34.55,34.02,34.09,84100.00
2015-11-30 00:00,34.33,35.03,34.24,34.65,250700.00
2015-12-01 00:00,35.00,35.32,34.77,34.77,387500.00
2015-12-02 00:00,34.99,35.30,33.01,34.77,337800.00
2015-12-03 00:00,35.16,35.20,34.68,34.66,355900.00
2015-12-04 00:00,34.91,35.48,34.89,35.07,176300.00
2015-12-07 00:00,35.21,35.21,33.05,34.08,219300.00
2015-12-08 00:00,33.86,34.26,33.35,33.68,164200.00
2015-12-09 00:00,33.68,34.84,33.53,33.63,426000.00
2015-12-10 00:00,33.81,34.49,32.91,33.51,233000.00
2015-12-11 00:00,33.15,33.38,32.64,32.54,243900.00
2015-12-14 00:00,32.84,32.99,31.89,31.75,208600.00
2015-12-15 00:00,32.21,32.91,32.00,32.46,241700.00
2015-12-16 00:00,32.79,33.96,32.73,33.13,338600.00
2015-12-17 00:00,33.48,33.64,32.05,31.90,320800.00
2015-12-18 00:00,31.91,32.65,31.41,31.61,891600.00
2015-12-21 00:00,31.96,31.97,31.00,31.46,409300.00
2015-12-22 00:00,31.60,32.62,31.47,32.36,258700.00
2015-12-23 00:00,32.60,33.51,32.19,32.30,210200.00
2015-12-24 00:00,32.47,32.75,32.31,32.16,159600.00
2015-12-28 00:00,32.08,32.50,32.05,32.03,126300.00
2015-12-29 00:00,32.24,32.46,31.89,32.19,220100.00
2015-12-30 00:00,32.31,33.09,32.31,32.41,277200.00
2015-12-31 00:00,32.54,32.54,31.67,31.47,170700.00
2016-01-04 00:00,31.92,31.94,30.57,30.75,384500.00
2016-01-05 00:00,30.97,31.20,30.30,30.59,314000.00
2016-01-06 00:00,30.42,30.95,30.05,30.12,301000.00
2016-01-07 00:00,30.12,30.54,29.04,28.98,562000.00
2016-01-08 00:00,29.35,29.88,28.07,27.91,473900.00
2016-01-11 00:00,28.18,28.88,27.39,27.53,379500.00
2016-01-12 00:00,28.57,28.91,27.62,28.57,728600.00
2016-01-13 00:00,28.91,29.19,27.81,27.92,591800.00
2016-01-14 00:00,26.78,27.32,26.23,26.80,1214600.00
2016-01-15 00:00,26.27,27.03,25.75,26.69,1133600.00
2016-01-19 00:00,27.16,27.78,26.37,26.67,781800.00
2016-01-20 00:00,26.38,27.49,26.15,26.81,888700.00
2016-01-21 00:00,27.19,28.64,26.98,28.17,1253700.00
2016-01-22 00:00,28.81,30.02,28.62,29.78,1026100.00
2016-01-25 00:00,30.00,30.41,29.44,29.58,525300.00
2016-01-26 00:00,29.86,30.54,28.40,28.34,797800.00
2016-01-27 00:00,28.27,29.71,28.15,28.56,645400.00
2016-01-28 00:00,28.99,29.49,28.19,28.21,363900.00
2016-01-29 00:00,28.66,29.62,28.55,29.40,634400.00
2016-02-01 00:00,29.26,29.48,28.64,28.62,814400.00
2016-02-02 00:00,28.72,28.99,27.83,27.70,703900.00
2016-02-03 00:00,27.96,28.47,27.52,28.03,765300.00
2016-02-04 00:00,28.32,28.73,27.59,27.87,1147000.00
2016-02-05 00:00,33.85,35.00,29.68,29.55,5919400.00
2016-02-08 00:00,29.35,31.45,29.35,29.86,2219600.00
2016-02-09 00:00,29.88,31.41,29.60,30.76,920500.00
2016-02-10 00:00,31.38,32.19,30.03,31.67,916600.00
2016-02-11 00:00,31.47,32.00,31.00,31.18,497800.00
2016-02-12 00:00,31.74,31.92,30.82,31.45,447800.00
2016-02-16 00:00,31.95,33.39,31.93,32.87,993500.00
2016-02-17 00:00,33.24,34.14,33.24,33.72,590900.00
2016-02-18 00:00,33.72,34.41,32.94,32.77,574000.00
2016-02-19 00:00,33.00,33.20,32.45,32.54,577900.00
2016-02-22 00:00,32.78,33.42,32.69,32.78,489900.00
2016-02-23 00:00,32.92,33.15,32.31,32.65,489100.00
2016-02-24 00:00,32.48,33.32,31.56,32.86,591400.00
2016-02-25 00:00,33.14,33.44,31.93,32.37,739100.00
2016-02-26 00:00,32.93,33.17,32.63,32.77,570700.00
2016-02-29 00:00,32.88,33.38,31.91,32.44,560000.00
2016-03-01 00:00,32.74,33.92,32.42,33.55,674000.00
2016-03-02 00:00,33.88,33.92,32.71,33.65,537800.00
2016-03-03 00:00,33.67,34.39,33.08,33.02,410800.00
2016-03-04 00:00,33.30,33.34,32.58,32.79,418000.00
2016-03-07 00:00,32.93,33.20,32.59,32.70,401700.00
2016-03-08 00:00,32.63,32.90,32.36,32.26,306300.00
2016-03-09 00:00,32.37,32.86,32.32,32.60,305200.00
2016-03-10 00:00,32.92,33.39,31.64,31.62,345000.00
2016-03-11 00:00,31.92,32.67,31.82,32.29,478900.00
2016-03-14 00:00,32.61,32.82,31.67,31.50,329800.00
2016-03-15 00:00,31.63,31.85,31.13,31.13,315000.00
2016-03-16 00:00,31.15,32.32,31.15,31.63,273400.00
2016-03-17 00:00,31.89,33.47,31.70,32.85,711500.00
2016-03-18 00:00,33.25,33.50,32.90,32.79,409100.00
2016-03-21 00:00,32.89,33.32,32.63,32.51,220900.00
2016-03-22 00:00,32.66,32.93,32.63,32.42,154800.00
2016-03-23 00:00,32.55,32.60,31.71,31.59,282700.00
2016-03-24 00:00,31.67,32.66,31.46,32.19,372900.00
2016-03-28 00:00,32.49,32.73,32.14,32.02,343400.00
2016-03-29 00:00,32.21,32.85,32.04,32.34,294800.00
2016-03-30 00:00,32.83,33.58,32.83,32.97,278300.00
2016-03-31 00:00,33.23,33.93,33.08,33.04,373800.00
2016-04-01 00:00,33.11,33.60,32.26,32.83,715500.00
2016-04-04 00:00,33.17,34.10,32.95,33.75,657600.00
2016-04-05 00:00,33.67,34.10,33.46,33.38,334400.00
2016-04-06 00:00,33.69,34.00,33.32,33.53,277000.00
2016-04-07 00:00,33.62,33.91,32.99,32.89,214300.00
2016-04-08 00:00,33.28,33.28,32.50,32.36,318300.00
2016-04-11 00:00,32.68,32.75,32.23,32.06,401900.00
2016-04-12 00:00,32.21,32.73,32.06,32.32,349300.00
2016-04-13 00:00,32.86,33.32,32.57,32.94,400500.00
2016-04-14 00:00,33.06,33.92,32.88,33.49,332600.00
2016-04-15 00:00,33.52,33.52,32.59,32.72,387800.00
2016-04-18 00:00,32.93,33.61,32.76,33.29,307300.00
2016-04-19 00:00,33.65,33.65,33.12,33.00,298400.00
2016-04-20 00:00,33.26,33.67,33.11,33.41,223900.00
2016-04-21 00:00,33.58,33.59,33.19,33.20,144600.00
2016-04-22 00:00,33.43,34.01,33.40,33.77,242100.00
2016-04-25 00:00,34.37,36.59,34.33,34.85,948500.00
2016-04-26 00:00,35.09,35.27,34.40,34.75,436100.00
2016-04-27 00:00,34.89,36.22,34.87,35.76,972500.00
2016-04-28 00:00,35.95,36.03,35.45,35.35,397200.00
2016-04-29 00:00,35.57,35.68,34.93,35.37,239900.00
2016-05-02 00:00,35.57,36.40,34.91,36.05,725000.00
2016-05-03 00:00,36.37,36.41,34.93,35.01,745800.00
2016-05-04 00:00,35.16,35.25,34.60,34.71,386200.00
2016-05-05 00:00,35.23,35.61,34.83,35.04,787000.00
2016-05-06 00:00,38.50,38.80,36.81,37.58,1594500.00
2016-05-09 00:00,37.97,37.98,37.13,37.48,618900.00
2016-05-10 00:00,37.80,38.09,37.25,37.55,511700.00
2016-05-11 00:00,37.64,38.67,37.64,37.83,811100.00
2016-05-12 00:00,38.10,38.33,37.58,37.62,266900.00
2016-05-13 00:00,37.67,38.41,37.65,37.69,445800.00
2016-05-16 00:00,38.00,38.40,37.97,38.04,582000.00
2016-05-17 00:00,37.76,38.10,37.07,37.06,623200.00
2016-05-18 00:00,37.38,38.00,37.01,37.38,539300.00
2016-05-19 00:00,37.55,38.16,37.55,37.54,315100.00
2016-05-20 00:00,38.00,38.14,37.56,37.63,420900.00
2016-05-23 00:00,38.00,38.43,37.89,37.67,556700.00
2016-05-24 00:00,38.04,40.10,38.00,39.59,1276100.00
2016-05-25 00:00,40.16,40.42,39.37,39.52,437500.00
2016-05-26 00:00,39.74,40.31,39.66,39.80,282200.00
2016-05-27 00:00,40.00,40.18,39.51,39.68,266900.00
2016-05-31 00:00,40.36,40.39,39.67,39.58,322300.00
2016-06-01 00:00,40.28,40.39,39.09,39.35,562500.00
2016-06-02 00:00,39.64,40.21,39.63,39.76,377800.00
2016-06-03 00:00,40.00,40.17,39.50,39.78,370100.00
2016-06-06 00:00,40.29,40.64,40.09,40.12,373100.00
2016-06-07 00:00,40.63,40.87,39.72,39.48,621700.00
2016-06-08 00:00,39.95,41.21,39.42,40.86,1204100.00
2016-06-09 00:00,41.00,41.20,40.65,40.55,432200.00
2016-06-10 00:00,39.77,40.59,39.68,39.53,431500.00
2016-06-13 00:00,39.85,40.44,39.22,39.66,703900.00
2016-06-14 00:00,39.72,40.13,39.51,39.68,354000.00
2016-06-15 00:00,40.02,40.53,39.95,39.87,421400.00
2016-06-16 00:00,39.84,39.97,39.25,39.54,251500.00
2016-06-17 00:00,39.90,40.02,39.46,39.53,429600.00
2016-06-20 00:00,40.21,40.46,40.01,39.77,388500.00
2016-06-21 00:00,40.06,40.50,39.55,39.53,264900.00
2016-06-22 00:00,39.69,40.08,39.50,39.49,315700.00
2016-06-23 00:00,40.01,40.51,40.01,39.86,258300.00
2016-06-24 00:00,38.57,39.36,38.53,38.32,1035600.00
2016-06-27 00:00,38.67,38.67,36.13,35.98,1137600.00
2016-06-28 00:00,36.57,37.27,36.51,36.74,894400.00
2016-06-29 00:00,37.53,38.06,37.31,37.70,634000.00
2016-06-30 00:00,38.14,38.72,37.85,38.39,806000.00
2016-07-01 00:00,38.63,38.98,38.14,38.04,280200.00
2016-07-05 00:00,38.19,38.19,37.51,37.51,296800.00
2016-07-06 00:00,37.47,37.94,37.06,37.44,447400.00
2016-07-07 00:00,37.72,38.11,37.16,37.71,747600.00
2016-07-08 00:00,38.21,39.56,38.21,39.14,433900.00
2016-07-11 00:00,39.86,39.94,39.45,39.25,211200.00
2016-07-12 00:00,39.85,40.18,39.59,39.51,332300.00
2016-07-13 00:00,40.08,40.50,39.64,39.63,444800.00
2016-07-14 00:00,40.07,40.12,39.37,39.13,271800.00
2016-07-15 00:00,39.60,40.02,39.30,39.58,261600.00
2016-07-18 00:00,40.05,40.46,39.88,39.80,199900.00
2016-07-19 00:00,40.17,40.17,39.51,39.47,369300.00
2016-07-20 00:00,39.77,42.26,39.74,41.53,948500.00
2016-07-21 00:00,42.38,42.49,41.01,41.16,370000.00
2016-07-22 00:00,41.44,42.16,41.01,41.83,364500.00
2016-07-25 00:00,42.12,43.57,42.02,43.16,674000.00
2016-07-26 00:00,43.62,44.43,43.57,43.95,888900.00
2016-07-27 00:00,44.25,44.42,43.90,43.72,391300.00
2016-07-28 00:00,43.88,44.44,43.85,44.08,318800.00
2016-07-29 00:00,44.32,44.92,43.92,44.41,481400.00
2016-08-01 00:00,44.88,44.99,44.23,44.56,358000.00
2016-08-02 00:00,44.97,45.40,43.61,43.77,327100.00
2016-08-03 00:00,44.10,44.68,43.56,44.24,333200.00
2016-08-04 00:00,44.38,45.74,44.36,44.75,799700.00
2016-08-05 00:00,47.60,49.88,46.65,49.26,2007700.00
2016-08-08 00:00,49.57,50.04,48.88,49.31,1111500.00
2016-08-09 00:00,49.54,50.10,49.32,49.59,602700.00
2016-08-10 00:00,49.87,50.08,49.59,49.64,514100.00
2016-08-11 00:00,49.99,50.77,49.37,49.51,475600.00
2016-08-12 00:00,49.82,50.31,49.40,49.90,273100.00
2016-08-15 00:00,50.08,50.79,50.08,50.37,353300.00
2016-08-16 00:00,50.46,50.83,49.84,49.88,237600.00
2016-08-17 00:00,50.19,50.42,49.42,49.52,357400.00
2016-08-18 00:00,49.86,50.42,49.63,49.69,249100.00
2016-08-19 00:00,50.09,50.80,49.75,50.21,341200.00
2016-08-22 00:00,50.51,51.24,50.21,50.33,301200.00
2016-08-23 00:00,51.08,51.50,50.70,50.93,328100.00
2016-08-24 00:00,51.46,51.88,51.12,50.91,243700.00
2016-08-25 00:00,50.94,51.75,50.50,51.33,248000.00
2016-08-26 00:00,51.83,52.40,51.17,51.90,418700.00
2016-08-29 00:00,52.55,52.60,51.88,51.69,227800.00
2016-08-30 00:00,52.24,53.09,52.24,52.00,336000.00
2016-08-31 00:00,52.25,52.38,50.79,51.04,444100.00
2016-09-01 00:00,51.40,52.21,51.22,51.71,293600.00
2016-09-02 00:00,52.04,53.51,51.74,52.80,580200.00
2016-09-06 00:00,53.71,53.86,52.47,52.32,230700.00
2016-09-07 00:00,52.90,52.99,52.58,52.44,158000.00
2016-09-08 00:00,52.55,53.32,52.50,52.64,351200.00
2016-09-09 00:00,52.92,53.13,50.54,50.65,894400.00
2016-09-12 00:00,50.52,52.89,50.24,52.49,486700.00
2016-09-13 00:00,52.77,52.88,52.08,52.15,327300.00
2016-09-14 00:00,52.41,53.11,52.25,52.45,222400.00
2016-09-15 00:00,53.07,54.00,52.62,52.44,657000.00
2016-09-16 00:00,52.68,52.75,51.84,52.13,371700.00
2016-09-19 00:00,52.55,53.26,52.30,52.46,232000.00
2016-09-20 00:00,53.02,53.29,52.54,52.20,243500.00
2016-09-21 00:00,52.65,53.51,52.65,53.04,191600.00
2016-09-22 00:00,53.95,54.73,53.81,53.81,392300.00
2016-09-23 00:00,53.96,54.28,52.65,52.83,598300.00
2016-09-26 00:00,53.08,53.86,52.83,52.76,252600.00
2016-09-27 00:00,53.22,54.29,52.98,53.85,492800.00
2016-09-28 00:00,54.03,54.28,53.52,53.62,248300.00
2016-09-29 00:00,53.89,53.99,53.29,53.47,232100.00
2016-09-30 00:00,54.00,54.52,53.27,53.13,565800.00
2016-10-03 00:00,53.50,54.12,53.40,53.42,231500.00
2016-10-04 00:00,54.14,54.43,53.45,53.20,216900.00
2016-10-05 00:00,53.91,54.16,53.57,53.42,203300.00
2016-10-06 00:00,53.87,54.27,53.54,53.82,252000.00
2016-10-07 00:00,55.00,55.00,53.11,53.40,611800.00
2016-10-10 00:00,54.00,54.15,53.58,53.41,241500.00
2016-10-11 00:00,54.11,54.43,53.28,53.42,422600.00
2016-10-12 00:00,53.54,53.81,50.05,50.06,980100.00
2016-10-13 00:00,50.00,50.05,48.25,49.13,923200.00
2016-10-14 00:00,49.76,50.32,48.95,48.83,505900.00
2016-10-17 00:00,48.58,49.80,48.58,48.97,353700.00
2016-10-18 00:00,49.95,50.23,49.17,49.19,370800.00
2016-10-19 00:00,49.68,50.28,49.31,49.63,486600.00
2016-10-20 00:00,50.04,50.64,49.94,50.04,425000.00
2016-10-21 00:00,50.98,52.18,50.82,51.47,641700.00
2016-10-24 00:00,52.23,53.48,52.14,52.41,331000.00
2016-10-25 00:00,53.12,53.26,52.15,52.00,332000.00
2016-10-26 00:00,52.30,53.46,52.30,52.53,280600.00
2016-10-27 00:00,53.21,53.21,51.67,51.47,333100.00
2016-10-28 00:00,51.71,52.73,51.59,51.82,235500.00
2016-10-31 00:00,52.33,52.62,51.77,52.07,322800.00
2016-11-01 00:00,52.28,52.65,51.00,52.08,567900.00
2016-11-02 00:00,52.40,52.91,51.95,51.74,359500.00
2016-11-03 00:00,52.42,52.69,51.58,51.40,850300.00
2016-11-04 00:00,56.61,57.74,53.47,53.13,2115200.00
2016-11-07 00:00,54.30,54.67,52.80,52.62,660600.00
2016-11-08 00:00,52.73,53.43,52.64,52.35,368300.00
2016-11-09 00:00,51.56,52.99,50.61,52.34,502900.00
2016-11-10 00:00,53.17,53.69,51.89,51.71,436700.00
2016-11-11 00:00,52.16,53.53,51.93,53.08,410700.00
2016-11-14 00:00,53.85,54.21,53.31,53.74,355000.00
2016-11-15 00:00,54.17,55.79,54.08,55.12,823100.00
2016-11-16 00:00,55.56,56.65,55.44,56.07,637600.00
2016-11-17 00:00,56.73,56.80,55.73,55.64,273900.00
2016-11-18 00:00,56.03,56.24,55.37,55.70,311900.00
2016-11-21 00:00,56.47,57.42,56.47,56.43,291300.00
2016-11-22 00:00,56.78,56.78,55.55,55.82,327600.00
2016-11-23 00:00,56.01,57.05,56.00,56.51,266200.00
2016-11-25 00:00,57.10,57.43,56.78,56.97,181700.00
2016-11-28 00:00,57.03,57.34,56.48,56.74,337200.00
2016-11-29 00:00,57.07,57.48,56.72,56.36,317300.00
2016-11-30 00:00,56.77,57.00,55.92,55.57,392500.00
2016-12-01 00:00,56.33,56.34,52.60,52.50,791900.00
2016-12-02 00:00,52.70,53.59,52.14,52.97,414600.00
2016-12-05 00:00,53.89,54.45,53.60,54.00,473000.00
2016-12-06 00:00,54.62,56.01,54.17,55.47,449100.00
2016-12-07 00:00,55.63,57.21,55.22,56.63,538300.00
2016-12-08 00:00,57.10,58.22,57.06,57.33,424400.00
2016-12-09 00:00,57.50,58.05,56.16,55.85,311400.00
2016-12-12 00:00,56.23,57.20,55.95,56.47,371200.00
2016-12-13 00:00,57.20,57.89,57.20,57.21,296700.00
2016-12-14 00:00,57.35,58.56,56.82,57.16,581100.00
2016-12-15 00:00,57.82,58.63,57.33,57.38,281000.00
2016-12-16 00:00,57.96,58.07,57.49,57.35,473800.00
2016-12-19 00:00,57.91,58.30,57.78,57.82,405500.00
2016-12-20 00:00,58.30,58.50,57.63,57.50,251000.00
2016-12-21 00:00,57.91,58.28,57.58,57.62,319600.00
2016-12-22 00:00,58.14,59.43,57.95,58.04,647300.00
2016-12-23 00:00,58.71,58.71,57.95,57.68,244800.00
2016-12-27 00:00,58.09,58.46,58.03,57.81,218200.00
2016-12-28 00:00,58.38,58.94,57.60,57.38,187400.00
2016-12-29 00:00,57.64,58.00,57.09,56.98,242200.00
2016-12-30 00:00,57.48,57.91,56.90,57.40,283200.00
2017-01-03 00:00,58.59,58.80,57.18,57.46,276700.00
2017-01-04 00:00,58.36,58.95,57.91,58.00,329800.00
2017-01-05 00:00,58.52,58.71,57.40,57.03,196200.00
2017-01-06 00:00,57.14,58.11,56.56,56.97,199000.00
2017-01-09 00:00,57.46,57.87,57.02,57.06,192200.00
2017-01-10 00:00,57.46,58.48,57.36,57.58,187500.00
2017-01-11 00:00,58.24,58.65,57.92,58.00,196800.00
2017-01-12 00:00,58.18,58.38,57.25,57.96,276000.00
2017-01-13 00:00,58.66,60.30,58.65,59.27,361900.00
2017-01-17 00:00,59.47,59.47,57.72,57.50,334500.00
2017-01-18 00:00,58.24,59.73,57.83,59.28,358500.00
2017-01-19 00:00,59.97,59.97,58.54,58.67,430500.00
2017-01-20 00:00,59.23,59.53,58.38,58.14,256600.00
2017-01-23 00:00,58.27,60.48,58.27,59.67,546500.00
2017-01-24 00:00,60.24,61.73,60.11,61.14,422900.00
2017-01-25 00:00,62.09,63.00,61.76,61.83,284000.00
2017-01-26 00:00,62.55,62.65,61.60,61.56,174900.00
2017-01-27 00:00,62.20,62.78,61.70,62.19,266700.00
2017-01-30 00:00,62.72,62.72,61.41,61.81,289500.00
2017-01-31 00:00,61.98,62.45,61.55,61.97,221600.00
2017-02-01 00:00,62.50,62.85,61.81,62.05,307700.00
2017-02-02 00:00,62.13,62.77,61.97,62.29,231900.00
2017-02-03 00:00,63.04,63.70,63.04,63.08,266600.00
2017-02-06 00:00,63.12,64.26,63.10,63.18,330400.00
2017-02-07 00:00,63.55,64.12,62.64,62.27,344100.00
2017-02-08 00:00,62.80,63.78,62.65,63.22,423300.00
2017-02-09 00:00,63.62,64.62,63.28,63.68,842400.00
2017-02-10 00:00,57.64,58.03,51.27,53.06,6069500.00
2017-02-13 00:00,53.74,53.99,49.53,50.05,4074800.00
2017-02-14 00:00,50.45,50.80,49.75,49.67,1611200.00
2017-02-15 00:00,49.80,50.19,49.27,49.26,1417000.00
2017-02-16 00:00,49.67,50.29,48.83,48.88,1157600.00
2017-02-17 00:00,49.10,49.30,48.55,48.94,819200.00
2017-02-21 00:00,49.40,49.80,49.13,48.96,1010900.00
2017-02-22 00:00,49.16,49.68,48.60,49.03,770900.00
2017-02-23 00:00,49.22,49.26,47.81,48.58,948200.00
2017-02-24 00:00,48.51,49.71,48.36,49.24,512500.00
2017-02-27 00:00,49.50,49.86,49.20,49.18,446600.00
2017-02-28 00:00,49.40,49.49,48.82,48.80,466300.00
2017-03-01 00:00,49.43,49.75,49.02,49.24,596700.00
2017-03-02 00:00,49.31,49.56,47.92,47.63,735300.00
2017-03-03 00:00,47.91,48.22,46.49,47.61,901300.00
2017-03-06 00:00,48.50,48.98,47.81,47.96,540100.00
2017-03-07 00:00,48.07,48.83,47.68,48.33,563300.00
2017-03-08 00:00,48.76,49.49,48.45,48.72,499700.00
2017-03-09 00:00,49.54,49.73,49.11,49.18,475600.00
2017-03-10 00:00,49.83,50.28,49.52,49.51,514300.00
2017-03-13 00:00,50.17,51.27,50.07,50.79,579700.00
2017-03-14 00:00,51.24,51.40,50.41,50.65,521300.00
2017-03-15 00:00,51.02,52.00,51.01,51.56,564300.00
2017-03-16 00:00,52.34,52.65,52.00,52.08,603800.00
2017-03-17 00:00,52.34,52.77,51.04,51.05,703000.00
2017-03-20 00:00,51.17,52.07,51.00,51.19,587100.00
2017-03-21 00:00,51.73,52.20,49.47,49.17,679300.00
2017-03-22 00:00,49.60,50.77,49.50,50.28,470600.00
2017-03-23 00:00,50.57,50.94,50.25,50.32,296400.00
2017-03-24 00:00,50.86,51.18,50.51,50.32,296400.00
2017-03-27 00:00,50.03,50.83,49.75,50.14,449400.00
2017-03-28 00:00,50.50,51.01,50.35,50.53,336700.00
2017-03-29 00:00,51.11,51.26,50.67,50.65,334800.00
2017-03-30 00:00,51.02,51.45,50.50,50.27,416300.00
2017-03-31 00:00,50.93,50.96,50.09,49.91,555500.00
2017-04-03 00:00,50.29,50.71,49.19,49.55,829200.00
2017-04-04 00:00,49.71,50.36,49.09,49.02,479100.00
2017-04-05 00:00,49.50,49.96,48.84,48.55,421400.00
2017-04-06 00:00,48.88,49.46,48.54,48.99,369200.00
2017-04-07 00:00,49.24,49.93,49.24,49.18,258100.00
2017-04-10 00:00,49.46,49.77,49.02,49.19,232300.00
2017-04-11 00:00,49.40,49.54,48.79,49.02,292600.00
2017-04-12 00:00,49.15,49.29,48.38,48.09,388700.00
2017-04-13 00:00,48.40,49.03,48.20,48.11,262600.00
2017-04-17 00:00,48.51,49.05,48.30,48.48,260100.00
2017-04-18 00:00,49.07,49.88,48.59,49.16,393700.00
2017-04-19 00:00,49.59,50.47,49.46,49.92,347400.00
2017-04-20 00:00,50.50,50.97,50.19,50.28,275900.00
2017-04-21 00:00,50.65,51.06,49.56,49.69,551200.00
2017-04-24 00:00,50.65,51.31,50.34,50.80,346300.00
2017-04-25 00:00,51.26,52.26,51.09,51.38,323900.00
2017-04-26 00:00,51.72,51.99,51.11,51.06,391000.00
2017-04-27 00:00,51.51,52.50,51.47,51.53,339800.00
2017-04-28 00:00,51.78,51.78,51.03,51.16,327700.00
2017-05-01 00:00,51.66,52.25,51.53,51.79,320700.00
2017-05-02 00:00,51.93,52.15,51.05,50.82,612200.00
2017-05-03 00:00,50.70,51.13,50.07,49.81,668300.00
2017-05-04 00:00,50.53,50.76,49.50,49.82,878000.00
2017-05-05 00:00,49.31,50.45,46.63,46.88,1809600.00
2017-05-08 00:00,47.26,47.38,45.71,46.06,948600.00
2017-05-09 00:00,46.40,47.31,46.34,46.51,375500.00
2017-05-10 00:00,47.09,47.11,46.43,46.38,293100.00
2017-05-11 00:00,47.49,47.53,46.53,46.43,482000.00
2017-05-12 00:00,46.90,47.78,46.16,47.42,503700.00
2017-05-15 00:00,48.10,49.57,47.76,48.87,823900.00
2017-05-16 00:00,49.30,50.36,49.02,49.92,827100.00
2017-05-17 00:00,50.26,50.26,48.37,48.85,1184200.00
2017-05-18 00:00,48.09,49.16,47.40,48.03,1395100.00
2017-05-19 00:00,48.48,49.76,48.06,48.74,732400.00
2017-05-22 00:00,49.16,49.68,48.92,48.58,375600.00
2017-05-23 00:00,49.10,49.30,47.88,47.67,714200.00
2017-05-24 00:00,47.94,48.10,46.86,46.92,388900.00
2017-05-25 00:00,47.22,47.40,46.77,46.97,471100.00
2017-05-26 00:00,47.25,47.75,46.99,47.42,296800.00
2017-05-30 00:00,47.72,47.90,47.21,47.16,334800.00
2017-05-31 00:00,47.55,47.73,46.96,46.83,344500.00
2017-06-01 00:00,47.40,48.60,47.25,48.22,326300.00
2017-06-02 00:00,48.64,49.07,48.30,48.48,213000.00
2017-06-05 00:00,49.92,50.33,49.53,49.95,666200.00
2017-06-06 00:00,50.37,50.74,50.02,49.80,698400.00
2017-06-07 00:00,50.44,50.44,49.57,49.54,991800.00
2017-06-08 00:00,49.76,50.88,48.85,50.44,582800.00
2017-06-09 00:00,50.85,51.41,48.82,48.99,724200.00
2017-06-12 00:00,49.09,49.32,47.81,48.80,406000.00
2017-06-13 00:00,49.23,49.75,48.69,48.60,344800.00
2017-06-14 00:00,49.26,50.00,48.88,49.64,288400.00
2017-06-15 00:00,49.51,49.51,48.00,47.96,687400.00
2017-06-16 00:00,48.34,49.07,48.04,48.13,452000.00
2017-06-19 00:00,48.60,49.14,48.41,48.74,464700.00
2017-06-20 00:00,49.14,49.51,48.23,48.84,559500.00
2017-06-21 00:00,49.23,49.88,48.92,49.20,333000.00
2017-06-22 00:00,49.60,50.79,49.42,50.30,367600.00
2017-06-23 00:00,50.90,51.91,50.71,51.01,739900.00
2017-06-26 00:00,51.81,52.22,51.00,51.24,388900.00
2017-06-27 00:00,51.50,52.40,51.33,51.43,823400.00
2017-06-28 00:00,51.99,53.27,51.80,52.59,478300.00
2017-06-29 00:00,52.85,52.90,51.24,51.33,687300.00
2017-06-30 00:00,51.75,52.41,51.50,51.61,411800.00
2017-07-03 00:00,52.48,52.48,51.33,51.21,222400.00
2017-07-05 00:00,51.49,52.53,51.49,51.64,477100.00
2017-07-06 00:00,51.75,52.32,51.40,51.77,470900.00
2017-07-07 00:00,52.17,53.05,52.06,52.09,395100.00
2017-07-10 00:00,52.35,52.73,51.92,52.23,427100.00
2017-07-11 00:00,52.36,52.91,52.28,52.51,256800.00
2017-07-12 00:00,53.00,53.18,52.05,51.76,443500.00
2017-07-13 00:00,52.18,52.20,51.00,50.96,250600.00
2017-07-14 00:00,51.30,51.55,51.25,50.97,195200.00
2017-07-17 00:00,51.39,51.94,51.08,51.07,162700.00
2017-07-18 00:00,51.42,51.45,50.93,50.70,146700.00
2017-07-19 00:00,51.24,52.40,51.17,52.02,233700.00
2017-07-20 00:00,52.62,52.62,51.68,51.39,128700.00
2017-07-21 00:00,52.12,52.50,51.14,51.88,181400.00
2017-07-24 00:00,52.38,52.72,52.14,52.25,118400.00
2017-07-25 00:00,52.62,53.38,52.22,52.87,186100.00
2017-07-26 00:00,53.36,53.95,52.75,52.73,169000.00
2017-07-27 00:00,53.35,54.76,52.85,52.89,454000.00
2017-07-28 00:00,53.17,53.70,52.85,52.93,177700.00
2017-07-31 00:00,53.67,54.67,53.48,54.12,283000.00
2017-08-01 00:00,54.66,55.47,54.66,54.67,423500.00
2017-08-02 00:00,55.10,55.88,53.73,53.55,586600.00
2017-08-03 00:00,64.21,67.80,62.13,62.42,3131700.00
2017-08-04 00:00,62.80,65.99,62.43,64.68,1170800.00
2017-08-07 00:00,65.47,66.00,64.56,64.53,491500.00
2017-08-08 00:00,64.94,66.57,64.67,65.98,481300.00
2017-08-09 00:00,66.33,66.74,65.53,65.58,439600.00
2017-08-10 00:00,65.57,66.49,64.27,63.94,516700.00
2017-08-11 00:00,63.77,66.00,63.77,64.67,340500.00
2017-08-14 00:00,65.50,66.64,65.50,65.77,392500.00
2017-08-15 00:00,66.05,66.57,65.91,65.50,256400.00
2017-08-16 00:00,65.70,66.68,65.60,65.82,309800.00
2017-08-17 00:00,65.82,66.82,65.30,64.91,513800.00
2017-08-18 00:00,65.03,66.08,64.31,65.48,240500.00
2017-08-21 00:00,65.94,66.47,65.41,65.97,271800.00
2017-08-22 00:00,66.40,66.70,65.52,65.40,183800.00
2017-08-23 00:00,65.49,65.85,64.80,64.67,366600.00
2017-08-24 00:00,66.26,66.44,64.75,64.42,423400.00
2017-08-25 00:00,66.20,66.48,64.45,64.20,556600.00
2017-08-28 00:00,64.58,64.58,61.23,61.51,993600.00
2017-08-29 00:00,61.64,62.02,61.26,61.02,545200.00
2017-08-30 00:00,61.50,62.47,61.48,61.37,427100.00
2017-08-31 00:00,61.80,62.42,59.42,59.18,900600.00
2017-09-01 00:00,60.00,60.00,58.16,58.56,552000.00
2017-09-05 00:00,58.96,59.44,56.63,57.17,772600.00
2017-09-06 00:00,58.23,58.40,57.20,57.12,461200.00
2017-09-07 00:00,57.52,58.64,56.74,58.22,491300.00
2017-09-08 00:00,58.61,58.61,56.77,57.46,713700.00
2017-09-11 00:00,58.20,59.53,57.85,58.71,491600.00
2017-09-12 00:00,59.12,59.81,57.61,57.94,725300.00
2017-09-13 00:00,58.40,59.12,57.05,56.78,857200.00
2017-09-14 00:00,56.77,57.86,55.70,56.96,1217800.00
2017-09-15 00:00,57.10,57.30,54.74,54.57,1894200.00
2017-09-18 00:00,54.75,54.75,47.78,50.27,11737400.00
2017-09-19 00:00,51.26,52.85,49.71,50.40,3099700.00
2017-09-20 00:00,50.50,52.71,50.02,51.82,1372700.00
2017-09-21 00:00,51.77,53.47,51.77,52.29,865200.00
2017-09-22 00:00,52.31,54.95,52.31,53.80,1357200.00
2017-09-25 00:00,53.98,55.63,53.98,55.04,1239400.00
2017-09-26 00:00,55.21,56.24,52.63,53.47,2279700.00
2017-09-27 00:00,54.21,55.94,53.68,54.94,884600.00
2017-09-28 00:00,55.17,56.47,55.16,55.48,472300.00
2017-09-29 00:00,55.47,56.32,55.47,55.63,378900.00
2017-10-02 00:00,56.02,57.57,56.02,57.13,381000.00
2017-10-03 00:00,57.51,58.57,57.51,57.80,682000.00
2017-10-04 00:00,58.00,58.65,57.02,56.79,671500.00
2017-10-05 00:00,57.51,57.65,55.83,55.79,798500.00
2017-10-06 00:00,56.07,56.71,55.86,55.88,453400.00
2017-10-09 00:00,55.93,56.14,54.95,54.68,519900.00
2017-10-10 00:00,55.00,56.40,54.75,55.78,580200.00
2017-10-11 00:00,55.97,56.94,55.91,55.71,167900.00
2017-10-12 00:00,56.40,57.24,56.31,56.58,293300.00
2017-10-13 00:00,57.33,60.37,57.33,59.90,719800.00
2017-10-16 00:00,60.37,60.81,58.70,58.68,595200.00
2017-10-17 00:00,58.79,59.79,58.65,59.10,323200.00
2017-10-18 00:00,59.91,62.06,59.91,61.03,452800.00
2017-10-19 00:00,61.00,62.49,60.56,62.01,272900.00
2017-10-20 00:00,63.00,63.41,62.38,62.32,382400.00
2017-10-23 00:00,62.70,64.06,62.12,62.31,325500.00
2017-10-24 00:00,62.85,63.34,62.64,62.61,278500.00
2017-10-25 00:00,63.15,63.39,62.55,62.51,571000.00
2017-10-26 00:00,62.90,66.34,62.47,65.12,473100.00
2017-10-27 00:00,65.59,66.74,65.08,65.39,356700.00
2017-10-30 00:00,65.49,65.49,62.72,62.36,283800.00
2017-10-31 00:00,63.00,63.18,61.70,61.75,249000.00
2017-11-01 00:00,62.90,62.90,61.65,61.94,169800.00
2017-11-02 00:00,62.35,62.89,61.81,62.38,167000.00
2017-11-03 00:00,63.47,65.18,62.45,64.47,336900.00
2017-11-06 00:00,64.92,66.50,64.92,65.90,249600.00
2017-11-07 00:00,66.33,66.50,65.13,65.58,274500.00
2017-11-08 00:00,66.01,66.53,63.88,64.66,547500.00
2017-11-09 00:00,61.21,64.94,58.10,62.19,1479600.00
2017-11-10 00:00,61.41,64.38,61.41,62.10,458200.00
2017-11-13 00:00,62.60,63.15,62.15,62.58,240200.00
2017-11-14 00:00,63.04,64.73,62.91,64.05,407900.00
2017-11-15 00:00,64.36,64.36,63.23,63.07,195300.00
2017-11-16 00:00,65.00,65.00,63.57,64.25,316600.00
2017-11-17 00:00,64.43,65.86,64.43,65.13,335400.00
2017-11-20 00:00,65.83,68.14,65.81,66.40,280500.00
2017-11-21 00:00,67.02,67.96,65.95,65.62,236600.00
2017-11-22 00:00,65.89,67.74,64.79,65.71,242100.00
2017-11-24 00:00,66.59,67.23,65.80,66.40,145400.00
2017-11-27 00:00,66.81,67.81,65.97,66.73,314000.00
2017-11-28 00:00,67.20,67.72,66.52,66.45,270700.00
2017-11-29 00:00,66.63,67.25,65.79,66.22,426200.00
2017-11-30 00:00,67.01,67.24,65.82,66.36,244600.00
2017-12-01 00:00,66.44,67.00,65.88,66.37,302600.00
2017-12-04 00:00,67.00,67.66,65.79,65.65,316000.00
2017-12-05 00:00,66.00,67.83,65.95,66.05,330100.00
2017-12-06 00:00,66.30,67.05,66.01,66.21,491000.00
2017-12-07 00:00,66.98,67.29,65.95,66.76,419000.00
2017-12-08 00:00,67.34,67.80,65.77,65.38,326800.00
2017-12-11 00:00,65.84,66.10,63.15,62.73,274300.00
2017-12-12 00:00,63.00,64.18,62.13,62.94,250500.00
2017-12-13 00:00,63.36,65.58,62.96,64.55,217700.00
2017-12-14 00:00,64.87,65.84,64.63,65.15,148200.00
2017-12-15 00:00,65.63,67.48,65.24,65.33,457400.00
2017-12-18 00:00,66.21,70.15,65.92,69.44,589400.00
2017-12-19 00:00,69.95,71.03,68.62,69.32,443600.00
2017-12-20 00:00,70.22,70.94,67.54,67.08,341500.00
2017-12-21 00:00,67.70,68.36,67.42,67.13,274900.00
2017-12-22 00:00,67.85,68.56,67.05,67.97,146600.00
2017-12-26 00:00,68.23,68.29,67.07,67.37,97300.00
2017-12-27 00:00,68.12,71.17,67.90,70.47,208700.00
2017-12-28 00:00,70.84,71.89,70.04,70.99,175700.00
2017-12-29 00:00,71.85,73.21,71.00,70.53,256100.00
2018-01-02 00:00,71.03,71.03,69.46,69.54,282700.00
2018-01-03 00:00,70.00,72.46,69.81,71.85,161700.00
2018-01-04 00:00,72.79,74.99,72.45,73.62,529200.00
2018-01-05 00:00,74.23,75.00,74.20,73.70,257800.00
2018-01-08 00:00,74.30,74.85,73.33,73.54,300600.00
2018-01-09 00:00,74.10,74.10,73.00,73.09,136800.00
2018-01-10 00:00,73.54,74.10,72.83,72.95,159500.00
2018-01-11 00:00,73.92,76.93,73.10,73.24,144400.00
2018-01-12 00:00,74.07,75.32,73.59,73.15,493700.00
2018-01-16 00:00,73.98,74.65,73.25,73.49,220100.00
2018-01-17 00:00,74.12,74.88,73.30,73.14,151600.00
2018-01-18 00:00,73.45,74.78,73.30,73.01,145000.00
2018-01-19 00:00,73.31,75.35,73.31,74.49,349000.00
2018-01-22 00:00,75.77,75.78,74.22,75.02,199000.00
2018-01-23 00:00,75.76,78.88,75.76,77.94,379200.00
2018-01-24 00:00,78.99,81.65,77.00,77.59,670500.00
2018-01-25 00:00,78.13,80.59,77.59,79.79,409600.00
2018-01-26 00:00,79.44,81.05,79.44,80.49,266600.00
2018-01-29 00:00,80.78,82.30,80.78,81.17,285300.00
2018-01-30 00:00,81.00,81.90,80.70,80.92,223500.00
2018-01-31 00:00,81.49,81.96,80.11,80.11,550500.00
2018-02-01 00:00,80.10,81.05,78.64,79.29,369000.00
2018-02-02 00:00,79.69,80.04,77.91,77.91,360800.00
2018-02-05 00:00,77.68,78.25,76.53,76.44,300100.00
2018-02-06 00:00,76.21,79.19,75.17,78.22,373500.00
2018-02-07 00:00,78.70,79.02,76.67,77.95,520800.00
2018-02-08 00:00,70.00,70.79,66.00,66.99,1906300.00
2018-02-09 00:00,67.65,70.98,67.65,70.06,802600.00
2018-02-12 00:00,70.95,70.98,69.17,69.55,433700.00
2018-02-13 00:00,70.59,70.59,69.65,69.88,335600.00
2018-02-14 00:00,69.66,72.22,69.65,71.56,321200.00
2018-02-15 00:00,72.72,75.32,71.52,74.77,314100.00
2018-02-16 00:00,74.56,75.88,74.00,73.52,228500.00
2018-02-20 00:00,52.50,58.10,49.40,54.90,5487900.00
2018-02-21 00:00,54.49,57.72,54.32,56.29,2207800.00
2018-02-22 00:00,56.68,58.55,56.31,56.22,1033700.00
2018-02-23 00:00,56.85,57.87,55.38,56.60,978600.00
2018-02-26 00:00,57.05,59.83,57.05,58.88,832100.00
2018-02-27 00:00,61.72,61.87,59.66,60.78,998900.00
2018-02-28 00:00,61.26,65.19,61.26,63.16,1032400.00
2018-03-01 00:00,63.93,68.31,63.33,64.75,1541600.00
2018-03-02 00:00,63.02,67.95,62.32,66.93,1069100.00
2018-03-05 00:00,67.09,70.35,67.09,68.58,1071100.00
2018-03-06 00:00,69.07,71.41,69.07,69.36,777800.00
2018-03-07 00:00,69.50,70.20,68.78,68.85,844400.00
2018-03-08 00:00,69.31,70.39,68.34,69.85,682900.00
2018-03-09 00:00,70.38,70.97,69.89,69.48,307300.00
2018-03-12 00:00,70.10,70.69,69.82,69.35,262600.00
2018-03-13 00:00,70.10,70.87,66.73,70.24,757600.00
2018-03-14 00:00,70.38,71.50,69.52,69.33,349500.00
2018-03-15 00:00,70.02,70.94,69.83,70.38,242400.00
2018-03-16 00:00,70.78,71.82,70.35,70.79,340500.00
2018-03-19 00:00,69.86,70.79,68.83,69.34,556200.00
2018-03-20 00:00,71.17,72.70,69.92,71.44,311000.00
2018-03-21 00:00,72.08,72.08,69.99,70.01,179000.00
2018-03-22 00:00,69.99,70.84,69.03,69.70,302800.00
2018-03-23 00:00,70.27,71.44,68.02,67.67,304900.00
2018-03-26 00:00,68.91,70.49,68.14,69.88,328500.00
2018-03-27 00:00,71.00,71.20,68.46,68.38,514500.00
2018-03-28 00:00,68.85,70.24,66.73,67.21,491200.00
2018-03-29 00:00,67.99,70.00,67.99,68.32,746000.00
2018-04-02 00:00,68.93,70.15,68.38,68.42,548000.00
2018-04-03 00:00,69.28,70.40,68.54,68.80,492300.00
2018-04-04 00:00,68.75,70.91,68.75,69.87,541200.00
2018-04-05 00:00,71.02,72.71,70.81,72.13,292100.00
2018-04-06 00:00,71.97,72.75,69.98,69.83,277900.00
2018-04-09 00:00,70.75,71.53,69.06,68.65,353400.00
2018-04-10 00:00,70.54,70.60,69.10,68.78,543000.00
2018-04-11 00:00,69.11,70.33,69.05,68.84,451500.00
2018-04-12 00:00,70.01,71.96,69.02,70.69,238200.00
2018-04-13 00:00,71.49,71.89,70.16,71.28,217800.00
2018-04-16 00:00,72.01,72.03,70.63,70.63,155300.00
2018-04-17 00:00,71.50,74.38,71.42,73.19,297100.00
2018-04-18 00:00,73.86,74.42,72.74,73.73,309300.00
2018-04-19 00:00,73.11,74.98,73.11,74.29,207900.00
2018-04-20 00:00,74.27,74.84,73.84,73.72,388500.00
2018-04-23 00:00,74.20,74.97,72.12,71.69,160700.00
2018-04-24 00:00,72.64,74.16,70.95,70.69,373800.00
2018-04-25 00:00,71.20,72.30,69.79,71.73,206900.00
2018-04-26 00:00,71.98,72.77,71.11,71.40,121600.00
2018-04-27 00:00,71.98,72.81,70.67,70.79,200900.00
2018-04-30 00:00,70.85,72.49,70.51,70.76,251500.00
2018-05-01 00:00,70.99,71.84,69.45,71.21,184100.00
2018-05-02 00:00,71.61,72.94,71.30,71.69,209700.00
2018-05-03 00:00,72.00,72.88,70.18,70.55,205400.00
2018-05-04 00:00,70.70,72.79,70.41,71.86,167800.00
2018-05-07 00:00,72.80,74.34,72.08,73.73,324100.00
2018-05-08 00:00,74.06,74.98,73.10,72.99,134300.00
2018-05-09 00:00,73.90,74.98,73.13,72.84,327900.00
2018-05-10 00:00,72.00,85.77,71.92,80.87,2649400.00
2018-05-11 00:00,81.38,82.97,80.05,81.15,663000.00
2018-05-14 00:00,82.06,82.98,79.76,79.80,465500.00
2018-05-15 00:00,80.05,81.36,79.30,80.05,227100.00
2018-05-16 00:00,80.94,81.64,80.09,79.97,256900.00
2018-05-17 00:00,79.79,81.24,79.79,80.42,253200.00
2018-05-18 00:00,81.11,81.76,80.09,79.78,217400.00
2018-05-21 00:00,81.11,81.48,80.50,80.41,227000.00
2018-05-22 00:00,81.17,81.94,79.88,79.45,333100.00
2018-05-23 00:00,79.50,80.48,79.25,79.84,221800.00
2018-05-24 00:00,80.79,81.13,79.99,80.44,211500.00
2018-05-25 00:00,81.14,82.05,79.99,81.15,538000.00
2018-05-29 00:00,81.62,82.48,80.76,80.29,279700.00
2018-05-30 00:00,80.84,83.60,80.76,82.69,410100.00
2018-05-31 00:00,83.32,84.12,81.39,82.02,297600.00
2018-06-01 00:00,82.22,84.40,82.04,83.62,181800.00
2018-06-04 00:00,84.71,84.90,83.46,84.16,213200.00
2018-06-05 00:00,84.86,85.97,84.49,84.41,211700.00
2018-06-06 00:00,85.25,85.90,84.57,84.57,177900.00
2018-06-07 00:00,85.06,85.51,83.39,83.72,182300.00
2018-06-08 00:00,84.08,86.00,83.01,84.47,185000.00
2018-06-11 00:00,85.34,87.03,85.00,86.16,246600.00
2018-06-12 00:00,87.00,87.46,85.72,85.68,298200.00
2018-06-13 00:00,86.47,87.42,86.12,86.45,557500.00
2018-06-14 00:00,87.05,88.25,86.52,86.96,504200.00
2018-06-15 00:00,87.33,87.75,85.80,86.83,517000.00
2018-06-18 00:00,86.49,88.28,86.01,86.74,434000.00
2018-06-19 00:00,86.42,87.94,85.60,87.17,352300.00
2018-06-20 00:00,87.91,89.99,85.97,85.51,539100.00
2018-06-21 00:00,86.33,87.93,84.30,85.48,619900.00
2018-06-22 00:00,86.64,86.64,82.63,82.72,2913200.00
2018-06-25 00:00,83.17,83.67,80.64,80.66,551400.00
2018-06-26 00:00,81.65,84.36,80.91,83.06,499800.00
2018-06-27 00:00,83.90,85.35,81.78,81.89,487700.00
2018-06-28 00:00,82.39,85.37,81.80,84.37,372800.00
2018-06-29 00:00,85.60,87.47,84.50,84.13,369400.00
2018-07-02 00:00,84.29,86.25,83.52,85.50,365200.00
2018-07-03 00:00,86.49,86.49,83.54,83.03,326500.00
2018-07-05 00:00,84.35,85.43,83.41,83.79,610600.00
2018-07-06 00:00,84.86,87.49,83.72,86.06,477100.00
2018-07-09 00:00,86.90,88.02,86.69,87.22,282500.00
2018-07-10 00:00,88.26,88.86,87.33,87.75,434100.00
2018-07-11 00:00,87.98,88.68,87.37,87.82,249900.00
2018-07-12 00:00,89.18,89.60,88.34,88.01,209200.00
2018-07-13 00:00,88.30,88.62,86.47,87.36,309700.00
2018-07-16 00:00,88.16,88.86,87.24,87.64,239300.00
2018-07-17 00:00,88.14,89.25,88.13,88.12,178900.00
2018-07-18 00:00,89.18,89.56,88.50,88.38,150800.00
2018-07-19 00:00,89.01,89.34,88.51,88.36,147500.00
2018-07-20 00:00,89.23,89.48,88.37,87.82,226000.00
2018-07-23 00:00,88.21,88.54,87.26,87.31,190900.00
2018-07-24 00:00,88.19,88.43,86.26,85.79,221100.00
2018-07-25 00:00,86.16,87.73,85.30,85.99,352900.00
2018-07-26 00:00,86.11,88.20,85.87,85.78,303400.00
2018-07-27 00:00,86.40,86.46,83.17,83.38,147500.00
2018-07-30 00:00,84.47,84.47,81.77,82.45,203700.00
2018-07-31 00:00,83.50,84.35,81.41,82.01,434100.00
2018-08-01 00:00,82.82,83.85,82.02,82.68,379600.00
2018-08-02 00:00,82.51,84.68,82.40,83.72,221700.00
2018-08-03 00:00,84.09,85.21,83.01,84.02,137500.00
2018-08-06 00:00,84.79,85.86,84.00,83.70,157000.00
2018-08-07 00:00,84.38,85.07,80.92,80.67,325200.00
2018-08-08 00:00,80.77,82.10,79.55,79.17,468000.00
2018-08-09 00:00,80.54,82.25,80.54,81.21,205900.00
2018-08-10 00:00,81.22,82.50,80.92,80.84,149200.00
2018-08-13 00:00,81.50,82.17,79.99,80.41,156600.00
2018-08-14 00:00,80.88,82.39,80.60,81.60,174100.00
2018-08-15 00:00,81.93,82.43,80.04,81.59,296100.00
2018-08-16 00:00,82.20,84.37,81.35,81.09,150100.00
2018-08-17 00:00,81.71,82.74,80.52,81.46,327900.00
2018-08-20 00:00,82.06,82.90,81.76,81.90,226400.00
2018-08-21 00:00,83.01,84.77,82.47,84.08,223000.00
2018-08-22 00:00,84.67,84.77,82.49,83.72,332100.00
2018-08-23 00:00,84.33,84.63,82.76,82.42,334300.00
2018-08-24 00:00,81.26,86.86,81.26,82.48,652400.00
2018-08-27 00:00,84.18,85.56,82.64,84.45,677100.00
2018-08-28 00:00,85.38,89.32,84.90,88.60,537800.00
2018-08-29 00:00,89.09,90.37,85.29,85.51,736000.00
2018-08-30 00:00,86.00,88.95,85.76,86.55,388600.00
2018-08-31 00:00,86.87,89.88,86.78,89.34,370200.00
2018-09-04 00:00,89.24,91.00,89.23,89.40,486800.00
2018-09-05 00:00,90.10,90.75,87.10,88.87,541800.00
2018-09-06 00:00,89.54,90.80,87.87,89.96,444800.00
2018-09-07 00:00,90.44,92.95,89.35,89.25,396800.00
2018-09-10 00:00,90.10,90.13,87.12,89.02,416600.00
2018-09-11 00:00,88.84,93.37,87.98,92.07,550800.00
2018-09-12 00:00,92.51,96.99,92.51,95.50,1042500.00
2018-09-13 00:00,96.82,98.39,95.95,96.64,945700.00
2018-09-14 00:00,96.45,98.83,96.00,97.36,614800.00
2018-09-17 00:00,97.41,98.91,96.84,97.03,559700.00
2018-09-18 00:00,97.73,99.50,96.89,98.33,433300.00
2018-09-19 00:00,96.98,97.82,95.11,96.39,502200.00
2018-09-20 00:00,97.60,98.75,96.88,96.62,399000.00
2018-09-21 00:00,97.67,100.48,96.85,98.18,842100.00
2018-09-24 00:00,98.00,98.89,96.87,98.00,429500.00
2018-09-25 00:00,99.37,101.33,98.37,98.49,272900.00
2018-09-26 00:00,99.08,99.40,97.94,97.64,202000.00
2018-09-27 00:00,98.41,99.40,98.27,98.51,263200.00
2018-09-28 00:00,98.94,99.65,98.01,98.45,390400.00
2018-10-01 00:00,99.36,99.65,96.40,96.67,350000.00
2018-10-02 00:00,97.25,97.56,95.84,97.04,239600.00
2018-10-03 00:00,97.73,99.05,97.04,97.93,280900.00
2018-10-04 00:00,97.91,98.45,93.84,94.23,401200.00
2018-10-05 00:00,94.44,94.97,90.69,91.49,495000.00
2018-10-08 00:00,91.67,92.70,89.86,90.61,441800.00
2018-10-09 00:00,90.51,91.51,87.66,87.45,883800.00
2018-10-10 00:00,87.77,88.52,82.93,82.70,742700.00
2018-10-11 00:00,83.03,86.43,82.72,82.67,794600.00
2018-10-12 00:00,84.49,87.24,84.30,86.22,439000.00
2018-10-15 00:00,86.41,88.33,84.51,85.93,472700.00
2018-10-16 00:00,87.10,91.51,87.10,89.87,573500.00
2018-10-17 00:00,90.25,91.56,89.30,90.80,307900.00
2018-10-18 00:00,90.86,92.15,89.75,89.57,357300.00
2018-10-19 00:00,90.46,91.16,87.93,87.93,545300.00
2018-10-22 00:00,88.51,92.06,88.51,90.30,280100.00
2018-10-23 00:00,88.82,91.17,86.52,89.29,427400.00
2018-10-24 00:00,89.77,90.54,84.72,84.46,636500.00
2018-10-25 00:00,85.83,89.18,85.11,87.83,468500.00
2018-10-26 00:00,86.25,90.06,86.03,87.15,402300.00
2018-10-29 00:00,89.09,90.21,85.77,86.40,476000.00
2018-10-30 00:00,85.45,90.75,85.45,89.67,523400.00
2018-10-31 00:00,92.00,94.84,92.00,92.71,385300.00
2018-11-01 00:00,93.11,93.72,90.41,91.79,496800.00
2018-11-02 00:00,92.73,95.96,91.20,92.63,430400.00
2018-11-05 00:00,93.29,93.52,90.12,89.99,425400.00
2018-11-06 00:00,89.68,92.62,88.41,90.53,274700.00
2018-11-07 00:00,92.03,94.33,90.91,93.54,535600.00
2018-11-08 00:00,93.87,96.09,93.10,94.15,476900.00
2018-11-09 00:00,99.59,112.38,98.89,110.67,2031200.00
2018-11-12 00:00,110.03,111.42,105.81,105.53,761800.00
2018-11-13 00:00,106.31,108.30,105.77,106.25,497100.00
2018-11-14 00:00,107.00,110.47,106.09,107.98,732600.00
2018-11-15 00:00,108.42,112.29,106.95,111.47,787700.00
2018-11-16 00:00,110.98,112.02,109.64,111.22,771000.00
2018-11-19 00:00,110.87,112.45,108.58,108.98,342600.00
2018-11-20 00:00,106.50,109.45,104.50,106.26,494300.00
2018-11-21 00:00,107.24,110.30,107.13,108.53,295400.00
2018-11-23 00:00,107.10,109.65,107.10,108.33,151900.00
2018-11-26 00:00,109.71,111.63,109.00,110.01,234000.00
2018-11-27 00:00,108.33,110.40,107.68,108.63,206800.00
2018-11-28 00:00,110.00,110.63,108.24,110.15,304500.00
2018-11-29 00:00,110.00,111.35,109.51,110.35,268000.00
2018-11-30 00:00,110.97,111.47,108.67,108.78,445600.00
2018-12-03 00:00,113.95,114.89,109.69,112.59,590200.00
2018-12-04 00:00,112.80,114.22,107.72,108.38,325700.00
2018-12-06 00:00,106.89,110.96,104.23,110.43,329800.00
2018-12-07 00:00,110.58,111.30,106.17,106.28,234000.00
2018-12-10 00:00,105.81,109.31,104.65,108.78,298900.00
2018-12-11 00:00,110.60,111.57,106.90,108.32,297600.00
2018-12-12 00:00,110.23,115.44,108.96,112.71,461400.00
2018-12-13 00:00,113.94,114.24,109.36,110.25,248700.00
2018-12-14 00:00,109.38,111.63,107.98,108.44,288300.00
2018-12-17 00:00,107.71,108.21,103.01,103.75,407000.00
2018-12-18 00:00,104.52,105.06,101.75,101.73,660200.00
2018-12-19 00:00,102.04,104.55,99.51,99.41,577200.00
2018-12-20 00:00,99.23,100.39,95.87,97.21,551100.00
2018-12-21 00:00,98.06,99.52,94.07,94.56,796800.00
2018-12-24 00:00,93.05,95.44,92.08,92.84,237300.00
2018-12-26 00:00,93.24,97.22,92.50,96.99,268400.00
2018-12-27 00:00,96.00,98.52,94.85,98.06,254100.00
2018-12-28 00:00,99.29,100.62,97.63,98.75,208500.00
2018-12-31 00:00,99.95,100.95,98.04,99.22,366700.00
2019-01-02 00:00,96.91,100.54,96.82,99.12,263500.00
2019-01-03 00:00,98.14,99.72,95.64,95.77,256500.00
2019-01-04 00:00,97.97,100.66,97.46,99.75,318600.00
2019-01-07 00:00,100.14,104.58,100.12,103.06,339600.00
2019-01-08 00:00,104.80,104.80,102.43,103.81,412100.00
2019-01-09 00:00,104.76,104.76,103.55,103.94,206300.00
2019-01-10 00:00,103.37,106.83,102.62,106.46,240000.00
2019-01-11 00:00,106.28,107.95,105.85,106.29,339400.00
2019-01-14 00:00,106.98,106.98,101.28,101.20,426500.00
2019-01-15 00:00,101.34,103.80,101.32,102.74,441300.00
2019-01-16 00:00,103.40,103.89,101.54,101.60,334700.00
2019-01-17 00:00,101.46,104.67,101.46,103.61,323700.00
2019-01-18 00:00,104.28,105.79,103.25,104.95,272500.00
2019-01-22 00:00,104.64,105.48,103.60,104.41,233200.00
2019-01-23 00:00,105.33,106.99,103.91,106.17,212900.00
2019-01-24 00:00,106.54,108.04,105.95,106.97,251800.00
2019-01-25 00:00,108.35,108.72,107.09,107.10,292800.00
2019-01-28 00:00,106.48,107.19,105.51,106.59,134400.00
2019-01-29 00:00,106.52,107.40,105.51,106.03,139300.00
2019-01-30 00:00,106.93,107.99,106.03,107.74,303900.00
2019-01-31 00:00,108.30,109.96,107.78,108.01,371700.00
2019-02-01 00:00,107.83,110.85,107.83,109.38,303200.00
2019-02-04 00:00,109.83,111.99,109.36,111.76,259700.00
2019-02-05 00:00,112.05,113.10,108.57,108.51,340100.00
2019-02-06 00:00,108.59,109.92,106.30,109.38,201100.00
2019-02-07 00:00,109.17,109.75,106.81,107.08,280500.00
2019-02-08 00:00,120.50,128.84,120.49,124.30,2183000.00
2019-02-11 00:00,126.39,130.52,125.95,128.75,1103000.00
2019-02-12 00:00,129.88,130.66,127.60,129.12,614600.00
2019-02-13 00:00,129.44,133.88,129.33,133.26,481900.00
2019-02-14 00:00,133.46,136.89,132.21,136.19,568100.00
2019-02-15 00:00,136.81,137.69,136.23,136.25,361300.00
2019-02-19 00:00,137.12,138.83,136.30,138.22,332100.00
2019-02-20 00:00,138.22,140.93,137.43,140.65,342700.00
2019-02-21 00:00,140.08,142.89,139.70,142.45,385800.00
2019-02-22 00:00,142.62,143.62,141.56,143.47,293300.00
2019-02-25 00:00,143.04,146.00,141.88,145.24,364500.00
2019-02-26 00:00,145.21,146.93,144.17,146.43,279300.00
2019-02-27 00:00,146.43,148.68,146.16,147.53,426600.00
2019-02-28 00:00,147.51,147.98,144.13,144.39,392300.00
2019-03-01 00:00,145.40,145.78,143.86,144.38,261500.00
2019-03-04 00:00,144.89,145.50,141.03,143.86,374400.00
2019-03-05 00:00,144.15,144.92,143.25,143.97,157300.00
2019-03-06 00:00,143.68,143.68,140.23,141.37,278000.00
2019-03-07 00:00,140.75,140.78,139.08,139.58,284500.00
2019-03-08 00:00,138.17,141.45,136.08,140.72,209600.00
2019-03-11 00:00,140.84,143.27,140.84,143.22,237600.00
2019-03-12 00:00,143.28,144.67,141.64,142.47,230000.00
2019-03-13 00:00,143.22,144.14,142.07,142.10,215100.00
2019-03-14 00:00,142.50,144.52,141.74,143.90,247500.00
2019-03-15 00:00,144.31,146.10,144.10,144.89,262600.00
2019-03-18 00:00,144.90,146.04,143.04,143.70,219700.00
2019-03-19 00:00,144.30,144.30,142.74,143.20,207000.00
2019-03-20 00:00,143.38,145.49,142.69,143.76,227400.00
2019-03-21 00:00,143.59,148.42,143.59,147.33,350700.00
2019-03-22 00:00,146.62,147.30,143.32,144.27,265200.00
2019-03-25 00:00,143.58,144.99,142.20,143.80,178300.00
2019-03-26 00:00,144.63,145.33,143.71,145.16,131300.00
2019-03-27 00:00,144.96,147.12,143.50,144.95,730700.00
2019-03-28 00:00,145.31,151.36,144.19,147.36,643600.00
2019-03-29 00:00,148.30,150.38,148.08,149.71,462100.00
2019-04-01 00:00,152.07,155.13,150.49,154.63,452100.00
2019-04-02 00:00,155.38,158.96,155.06,158.14,496000.00
2019-04-03 00:00,159.86,162.73,159.00,160.67,603500.00
2019-04-04 00:00,160.87,162.19,157.33,159.19,432900.00
2019-04-05 00:00,160.18,163.24,159.66,162.19,310800.00
2019-04-08 00:00,162.52,162.70,160.30,162.20,297500.00
2019-04-09 00:00,160.80,162.04,158.05,160.59,254400.00
2019-04-10 00:00,161.16,164.39,160.28,162.98,374100.00
2019-04-11 00:00,163.67,164.48,160.93,164.06,268700.00
2019-04-12 00:00,164.98,166.64,164.00,165.77,225800.00
2019-04-15 00:00,166.04,168.41,164.49,167.91,393800.00
2019-04-16 00:00,168.92,171.49,168.26,171.07,423800.00
2019-04-17 00:00,171.58,172.80,165.28,166.33,535900.00
2019-04-18 00:00,166.00,168.87,165.13,167.75,422400.00
2019-04-22 00:00,166.84,170.56,166.75,170.22,261400.00
2019-04-23 00:00,170.86,174.95,169.23,170.52,391500.00
2019-04-24 00:00,170.80,172.62,168.10,168.35,414800.00
2019-04-25 00:00,168.30,168.30,161.80,166.79,497900.00
2019-04-26 00:00,166.79,168.33,165.04,165.99,320300.00
2019-04-29 00:00,167.98,170.69,167.29,169.42,328500.00
2019-04-30 00:00,169.00,170.64,167.80,170.45,209600.00
2019-05-01 00:00,171.15,171.99,168.18,169.74,217000.00
2019-05-02 00:00,169.73,171.45,167.33,169.06,209000.00
2019-05-03 00:00,168.97,171.30,168.72,171.16,220500.00
2019-05-06 00:00,167.87,171.46,166.41,170.52,402000.00
2019-05-07 00:00,168.63,170.52,161.48,163.75,395800.00
2019-05-08 00:00,163.43,168.67,163.02,165.82,378700.00
2019-05-09 00:00,160.00,162.82,149.34,156.42,942900.00
2019-05-10 00:00,147.50,151.40,138.10,139.39,1898400.00
2019-05-13 00:00,136.25,136.53,128.46,130.95,1987200.00
2019-05-14 00:00,130.86,132.08,128.55,128.83,1176000.00
2019-05-15 00:00,128.00,131.53,127.40,130.31,706600.00
